<?xml version="1.1" encoding="UTF-8" standalone="yes"?>
<addon id="plugin.video.MaverickGold" version="1.2" name="[COLORgold]Maverick Gold[/COLOR]" provider-name="M">
  <requires>
    <import addon="xbmc.python" version="2.1.0"/>
	<import addon="script.module.requests" />
  </requires>
  <extension point="xbmc.python.pluginsource"
            library="default.py">
        <provides>video</provides>
  </extension>
  <extension point="xbmc.addon.metadata">
    <summary lang="en">Maverick Gold</summary>
    <language>en</language>
    <description lang="en"></description>
     <platform>all</platform>
  </extension>
</addon>
